-10.0	-9.75	-9.5	-9.25	-9.0	-8.75	-8.5	-8.25	-8.0	-7.75	-7.5	-7.25	-7.0	-6.75	-6.5	-6.25	-6.0	-5.75	-5.5	-5.25	-5.0	-4.75	-4.5	-4.25	-4.0	-3.75	-3.5	-3.25	-3.0	-2.75	-2.5	-2.25	-2.0	-1.75	-1.5	-1.25	-1.0	-0.75	-0.5	-0.25	0.0	0.25	0.5	0.75	1.0	1.25	1.5	1.75	2.0	2.25	2.5	2.75	3.0	3.25	3.5	3.75	4.0	4.25	4.5	4.75	5.0	5.25	5.5	5.75	6.0	6.25	6.5	6.75	7.0	7.25	7.5	7.75	8.0	8.25	8.5	8.75	9.0	9.25	9.5	9.75	10.0
52.032	51.96	52.002	52.116	52.044	52.032	52.146	52.236	52.284	52.242	52.254	52.536	52.524	52.734	52.68	52.662	52.656	52.62	52.794	52.746	52.836	52.77	52.782	52.776	52.8	52.866	52.944	52.788	53.028	52.836	52.908	53.028	53.046	53.142	53.154	53.154	53.19	53.184	53.202	53.268	53.274	53.268	53.442	53.412	53.472	53.484	53.604	53.55	53.556	53.85	53.64	53.682	53.646	53.7	53.754	53.856	53.742	53.85	54.114	53.958	54.138	54.078	54.12	54.246	54.306	54.402	54.39	54.144	54.294	54.348	54.234	54.27	54.582	54.624	54.42	54.498	54.42	54.372	54.882	54.546	54.816
52.116	51.966	51.948	51.864	52.056	52.098	52.254	52.236	52.338	52.344	52.362	52.398	52.422	52.566	52.476	52.542	52.524	52.812	52.746	52.83	52.752	52.692	52.728	52.698	52.806	52.788	52.788	52.926	52.896	53.052	52.8	53.052	53.01	53.124	53.028	53.064	53.136	53.136	53.214	53.1	52.992	53.22	53.388	53.178	53.298	53.424	53.364	53.28	53.574	53.718	53.58	53.586	53.502	53.646	53.694	53.79	53.802	53.964	53.79	53.958	53.922	54.168	54.132	53.934	54.462	54.486	54.402	54.186	54.252	54.03	54.18	54.228	54.654	54.264	54.306	54.372	54.456	54.51	54.828	54.366	54.756
51.762	51.822	51.798	51.846	51.846	51.978	52.086	52.032	51.984	52.002	52.248	52.254	52.452	52.398	52.476	52.386	52.278	52.518	52.626	52.518	52.458	52.428	52.59	52.494	52.692	52.602	52.698	52.722	52.806	52.692	52.662	52.644	52.854	52.854	52.902	52.896	52.884	52.83	53.118	52.95	53.01	53.022	53.046	53.172	53.214	53.25	53.16	53.412	53.358	53.25	53.256	53.232	53.304	53.466	53.67	53.64	53.7	53.652	53.646	53.562	53.898	53.844	53.844	53.868	54.114	54.426	54.102	53.976	54.126	54.066	53.964	54.252	54.378	54.288	54.246	54.186	54.342	54.294	54.33	54.192	54.396
51.63	51.576	51.552	51.564	51.708	51.78	51.78	51.774	51.864	51.756	51.912	52.068	52.194	52.116	52.212	52.176	52.17	52.254	52.218	52.248	52.47	52.404	52.368	52.242	52.086	52.296	52.422	52.524	52.56	52.464	52.5	52.53	52.614	52.65	52.572	52.788	52.956	52.77	52.74	52.758	52.824	52.938	52.98	52.968	53.028	53.094	53.106	53.172	53.028	53.076	53.112	53.106	53.118	53.274	53.376	53.28	53.334	53.388	53.556	53.592	53.574	53.688	53.712	53.82	54.006	54.06	53.706	53.94	53.778	53.94	53.994	53.694	53.868	53.952	53.838	53.904	53.982	54.096	54.384	54.192	54.252
51.354	51.3	51.372	51.552	51.51	51.666	51.606	51.75	51.57	51.684	51.828	51.774	51.84	52.014	51.984	52.02	51.87	51.996	51.918	52.068	52.044	52.128	52.056	52.194	52.182	52.188	52.254	52.284	52.176	52.26	52.452	52.314	52.368	52.476	52.368	52.572	52.542	52.5	52.53	52.608	52.476	52.674	52.548	52.674	52.65	52.872	52.776	52.782	52.974	52.908	52.884	52.8	52.788	53.118	52.944	53.088	53.124	53.274	53.19	53.256	53.556	53.394	53.61	53.556	53.712	53.934	53.85	53.658	53.568	53.64	53.862	53.646	53.742	53.868	53.886	53.718	53.904	53.988	54.162	53.688	54.246
51.252	51.252	51.186	51.312	51.432	51.438	51.474	51.51	51.282	51.402	51.558	51.624	51.72	51.78	51.786	51.834	51.852	51.84	51.906	52.062	51.948	51.888	51.93	51.996	51.942	52.008	52.038	51.966	51.948	52.032	51.912	52.11	52.128	52.314	52.35	52.284	52.482	52.392	52.35	52.284	52.326	52.428	52.542	52.506	52.686	52.608	52.608	52.524	52.722	52.632	52.506	52.824	52.716	52.83	52.986	52.998	52.878	53.01	53.058	53.172	53.106	53.214	53.292	53.184	53.256	53.598	53.49	53.478	53.388	53.52	53.556	53.292	53.58	53.646	53.664	53.574	53.736	53.442	53.772	53.736	54.156
50.994	50.826	50.982	50.832	51.072	51.228	51.114	51.192	51.192	51.288	51.378	51.438	51.528	51.576	51.612	51.618	51.576	51.48	51.762	51.798	51.636	51.75	51.732	51.75	51.708	51.756	51.804	51.702	51.852	51.834	51.882	52.038	52.038	51.936	51.912	52.116	52.038	52.23	52.2	52.272	52.2	52.128	52.23	52.314	52.53	52.356	52.398	52.398	52.41	52.524	52.44	52.53	52.68	52.656	52.47	52.542	52.698	52.758	52.974	52.944	53.052	53.106	53.112	53.226	53.382	53.412	53.232	53.238	53.316	53.31	53.214	53.394	53.328	53.406	53.298	53.304	53.544	53.37	53.832	53.586	53.724
50.766	50.562	50.616	50.838	50.856	50.88	50.88	51.072	51.12	51.138	51.12	51.162	51.306	51.174	51.348	51.318	51.39	51.306	51.462	51.666	51.552	51.474	51.552	51.492	51.54	51.564	51.72	51.456	51.612	51.504	51.66	51.744	51.63	51.684	51.684	51.918	51.906	51.996	51.96	52.086	51.942	52.032	52.056	52.008	52.164	52.152	52.296	52.152	52.188	52.362	52.092	52.29	52.098	52.404	52.446	52.464	52.56	52.644	52.482	52.728	52.704	52.866	52.896	52.962	53.118	53.202	53.028	52.8	52.926	53.088	53.082	53.166	53.124	53.118	53.214	53.094	53.112	53.172	53.28	53.37	53.574
50.49	50.454	50.538	50.43	50.64	50.664	50.778	50.802	50.802	50.874	51.06	50.868	51.084	50.994	51.192	51.342	51.216	51.156	51.216	51.324	51.336	51.264	51.096	51.3	51.108	51.282	51.198	51.378	51.414	51.402	51.462	51.498	51.408	51.444	51.642	51.582	51.714	51.78	51.606	51.708	51.636	51.714	51.72	51.714	51.972	51.972	51.816	52.122	51.972	51.882	51.996	52.038	52.128	52.146	52.17	52.254	52.32	52.248	52.35	52.386	52.452	52.536	52.71	52.746	52.818	53.076	52.89	52.59	52.884	52.884	52.884	52.992	52.71	52.926	53.016	52.818	52.98	52.86	53.256	53.13	53.406
50.316	50.172	50.424	50.316	50.424	50.502	50.484	50.61	50.622	50.61	50.736	50.772	50.886	50.892	50.91	51.126	50.964	50.958	50.97	51.066	51.072	50.88	50.88	51.138	51.042	51.078	51.174	51.168	51.036	51.174	51.174	51.324	51.21	51.33	51.114	51.252	51.576	51.402	51.486	51.498	51.372	51.48	51.456	51.594	51.672	51.558	51.54	51.648	51.816	51.78	51.708	51.9	51.858	51.948	51.972	52.092	51.996	52.218	52.134	52.2	52.248	52.476	52.578	52.404	52.632	52.842	52.704	52.584	52.506	52.632	52.752	52.518	52.506	52.656	52.698	52.512	52.728	52.614	53.124	52.848	53.184
50.196	50.088	49.968	50.166	50.298	50.304	50.31	50.4	50.334	50.316	50.61	50.568	50.706	50.694	50.748	50.79	50.61	50.688	50.766	50.808	50.712	50.838	50.838	50.82	50.718	50.85	50.826	50.922	50.952	50.838	50.826	51.126	51.228	51.18	51.066	51.204	51.258	51.282	51.294	51.288	51.234	51.132	51.288	51.426	51.504	51.402	51.438	51.486	51.54	51.528	51.648	51.498	51.588	51.81	51.756	51.786	51.828	51.918	51.936	52.08	52.002	52.272	52.23	52.122	52.476	52.488	52.254	52.164	52.386	52.248	52.338	52.41	52.326	52.512	52.524	52.398	52.536	52.32	52.692	53.058	52.998
49.842	49.842	49.854	49.848	49.914	50.028	50.016	50.25	50.082	50.148	50.268	50.31	50.37	50.424	50.334	50.682	50.394	50.412	50.58	50.628	50.616	50.538	50.514	50.592	50.484	50.598	50.46	50.652	50.502	50.64	50.784	50.748	50.76	50.742	50.85	50.952	51.168	50.862	50.97	51.048	50.982	50.964	51.102	51.15	51.21	51.096	51.018	51.36	51.192	51.108	51.294	51.234	51.318	51.576	51.504	51.426	51.546	51.69	51.66	51.822	51.876	51.822	51.948	52.146	52.224	52.26	52.2	52.188	52.02	52.104	52.2	52.056	52.278	52.2	52.23	52.182	52.224	52.284	52.446	52.53	52.926
49.632	49.614	49.578	49.692	49.782	49.854	49.746	49.944	49.8	49.968	50.148	50.028	50.118	50.142	50.25	50.166	50.262	50.178	50.286	50.352	50.286	50.262	50.232	50.406	50.334	50.328	50.454	50.442	50.28	50.448	50.382	50.418	50.412	50.592	50.496	50.46	50.532	50.634	50.586	50.754	50.694	50.676	50.826	50.826	50.952	51.168	51.054	50.892	50.94	51.15	50.898	51.264	51.222	51.234	51.222	51.252	51.456	51.42	51.486	51.618	51.768	51.624	51.78	52.086	51.852	51.9	52.044	51.888	51.846	51.78	51.996	51.792	51.996	51.972	52.116	51.978	51.972	52.032	52.122	52.188	52.422
49.308	49.23	49.458	49.428	49.548	49.518	49.596	49.71	49.638	49.68	49.932	49.932	49.95	50.052	50.004	49.878	50.082	50.094	50.292	50.172	50.118	50.04	50.172	49.962	50.058	50.172	49.962	50.028	50.136	50.124	50.304	50.256	50.406	50.208	50.358	50.31	50.418	50.436	50.448	50.472	50.34	50.418	50.52	50.466	50.766	50.502	50.664	50.652	50.736	50.976	50.784	50.862	50.904	50.868	50.982	51.0	51.21	51.12	51.138	51.372	51.324	51.432	51.57	51.696	51.72	51.636	51.69	51.624	51.462	51.888	51.714	51.69	51.87	51.816	51.972	51.678	51.798	51.708	52.02	52.206	52.2
49.182	49.122	49.272	49.296	49.218	49.386	49.53	49.578	49.464	49.566	49.572	49.716	49.752	49.854	49.884	49.716	49.974	49.728	49.944	49.896	49.842	49.89	49.8	49.998	49.788	49.836	49.878	49.89	50.022	50.034	49.818	50.046	50.094	50.16	50.136	50.076	50.046	50.262	50.088	50.04	50.154	50.13	50.412	50.364	50.49	50.484	50.46	50.526	50.424	50.664	50.568	50.568	50.526	50.712	50.79	50.79	50.784	51.0	50.946	50.994	51.114	51.132	51.366	51.6	51.384	51.624	51.552	51.318	51.354	51.48	51.492	51.504	51.384	51.654	51.786	51.438	51.528	51.72	51.72	51.882	52.092
48.888	48.96	48.822	48.972	48.99	49.122	49.134	49.386	49.236	49.296	49.308	49.536	49.584	49.65	49.632	49.692	49.602	49.488	49.722	49.608	49.674	49.626	49.53	49.644	49.644	49.62	49.446	49.692	49.638	49.71	49.59	49.65	49.698	49.896	49.8	49.956	49.884	49.872	49.992	49.986	50.034	49.902	50.094	50.064	50.142	50.106	49.944	50.196	50.28	50.268	50.196	50.394	50.322	50.454	50.484	50.49	50.61	50.772	50.67	50.736	50.76	50.904	51.168	51.126	51.264	51.366	51.294	51.03	51.294	51.096	51.288	51.156	51.306	51.51	51.264	51.222	51.3	51.288	51.618	51.72	51.828
48.624	48.774	48.75	48.846	48.84	49.02	49.044	49.056	48.996	49.092	49.056	49.212	49.002	49.212	49.326	49.326	49.266	49.356	49.464	49.272	49.476	49.428	49.212	49.458	49.314	49.188	49.17	49.26	49.386	49.464	49.41	49.584	49.638	49.566	49.458	49.728	49.524	49.65	49.8	49.692	49.68	49.554	49.812	49.752	50.004	49.962	49.902	49.884	49.878	50.124	49.926	50.04	50.106	50.268	50.268	50.154	50.28	50.526	50.46	50.574	50.574	50.52	50.82	50.832	50.796	51.258	51.03	50.898	50.76	50.994	51.054	51.102	51.024	51.288	51.12	51.09	51.12	51.354	51.384	51.468	51.63
48.402	48.51	48.546	48.588	48.63	48.762	48.804	48.912	48.834	48.816	48.93	49.092	48.948	48.972	49.086	49.122	49.098	49.08	49.134	49.14	49.158	49.014	49.122	49.236	48.954	49.188	48.87	49.128	49.098	49.194	49.218	49.332	49.206	49.338	49.29	49.266	49.26	49.35	49.422	49.428	49.266	49.398	49.464	49.494	49.71	49.764	49.506	49.686	49.632	49.716	49.824	49.734	49.692	50.19	49.806	49.938	50.112	50.088	50.148	50.418	50.448	50.568	50.484	50.778	50.754	50.868	50.892	50.61	50.742	50.694	50.694	50.856	50.982	50.904	50.814	50.712	50.946	51.024	51.12	51.198	51.408
48.24	48.24	48.348	48.324	48.39	48.474	48.48	48.534	48.522	48.66	48.762	48.738	48.606	48.768	48.846	48.798	48.798	48.78	49.002	48.798	48.84	48.864	48.888	48.87	48.864	48.972	48.846	48.714	48.828	49.038	48.996	49.104	49.122	49.098	49.074	49.062	48.924	49.08	49.152	48.984	49.086	49.212	49.416	49.326	49.338	49.29	49.386	49.41	49.428	49.506	49.398	49.446	49.47	49.62	49.65	49.674	49.878	49.746	50.124	49.974	50.154	50.142	50.496	50.49	50.43	50.772	50.508	50.496	50.616	50.46	50.742	50.52	50.652	50.802	50.784	50.79	50.742	50.754	50.796	50.754	50.928
48.108	47.97	47.952	48.132	48.084	48.336	48.42	48.348	48.276	48.474	48.468	48.714	48.438	48.528	48.492	48.642	48.498	48.582	48.744	48.636	48.642	48.54	48.708	48.474	48.582	48.642	48.606	48.588	48.66	48.672	48.63	48.78	48.648	48.678	48.594	48.738	48.762	48.846	48.822	48.894	48.978	48.816	48.876	48.828	49.026	48.99	49.062	48.948	49.074	49.26	49.152	49.242	49.278	49.428	49.518	49.422	49.614	49.674	49.866	49.848	50.022	49.968	50.112	50.292	50.334	50.562	50.22	50.154	50.37	50.286	50.262	50.4	50.49	50.424	50.55	50.586	50.292	50.514	50.61	50.898	50.838
47.82	47.694	47.79	47.892	47.964	48.012	47.904	48.246	48.198	48.042	48.342	48.402	48.21	48.198	48.192	48.306	48.348	48.222	48.468	48.354	48.498	48.462	48.414	48.312	48.24	48.456	48.276	48.234	48.45	48.426	48.576	48.45	48.654	48.384	48.414	48.57	48.48	48.57	48.384	48.618	48.576	48.6	48.618	48.744	48.678	48.774	48.822	48.816	48.84	48.954	48.942	48.912	49.002	49.11	49.212	49.164	49.338	49.38	49.44	49.776	49.71	49.758	49.98	50.028	50.202	50.226	50.202	50.028	50.016	49.926	50.31	50.202	50.184	50.394	50.232	49.998	50.472	50.286	50.328	50.43	50.352
47.538	47.64	47.46	47.598	47.736	47.91	47.82	47.898	47.874	47.856	48.174	48.138	48.102	47.94	47.988	48.228	48.18	48.108	48.312	48.132	48.156	48.12	48.156	48.072	48.234	48.09	48.096	48.084	48.012	48.198	48.126	48.108	48.132	48.3	48.12	48.258	48.24	48.36	48.456	48.3	48.276	48.408	48.294	48.582	48.492	48.582	48.39	48.756	48.576	48.732	48.666	48.618	48.822	48.768	49.098	48.99	49.11	49.158	49.29	49.422	49.482	49.602	49.704	49.632	49.884	50.034	49.926	49.812	49.746	50.058	49.926	49.86	49.872	50.16	49.986	49.884	50.046	49.956	50.406	50.136	50.532
47.262	47.34	47.388	47.376	47.346	47.502	47.622	47.82	47.61	47.634	47.898	47.97	47.742	47.868	47.862	47.982	47.718	47.79	47.934	47.874	47.916	47.874	47.892	47.898	47.784	47.976	47.886	47.808	47.892	48.018	47.718	47.982	47.952	48.054	47.934	48.114	47.976	48.138	48.006	47.964	48.084	48.204	48.162	48.24	48.246	48.336	48.24	48.33	48.45	48.372	48.336	48.486	48.564	48.678	48.828	48.726	48.798	48.87	49.098	49.152	49.224	49.206	49.476	49.602	49.572	50.028	49.53	49.572	49.542	49.68	49.632	49.74	49.74	49.722	49.8	49.632	49.908	49.8	49.95	50.016	50.136
46.986	46.962	47.088	47.094	47.244	47.262	47.274	47.472	47.442	47.454	47.568	47.664	47.592	47.598	47.622	47.778	47.562	47.67	47.694	47.526	47.688	47.634	47.706	47.538	47.568	47.556	47.592	47.556	47.646	47.598	47.55	47.712	47.73	47.652	47.754	47.67	47.772	47.64	47.814	47.826	47.814	47.778	47.808	47.82	47.802	47.892	48.042	48.09	48.138	47.964	48.024	48.09	48.192	48.354	48.462	48.426	48.594	48.696	48.756	49.008	48.942	49.266	49.176	49.332	49.536	49.734	49.368	49.212	49.536	49.656	49.482	49.65	49.638	49.632	49.548	49.488	49.614	49.74	49.932	49.854	49.86
46.824	46.938	46.764	46.866	46.854	46.944	47.016	47.196	47.25	47.304	47.31	47.352	47.304	47.496	47.436	47.472	47.472	47.466	47.478	47.61	47.502	47.352	47.49	47.43	47.49	47.46	47.364	47.37	47.244	47.442	47.454	47.352	47.646	47.268	47.466	47.604	47.496	47.562	47.55	47.514	47.454	47.37	47.604	47.646	47.412	47.718	47.634	47.73	47.784	47.946	47.748	47.808	47.928	48.27	48.156	48.126	48.48	48.474	48.66	48.636	48.684	48.666	48.984	49.104	49.122	49.296	49.164	49.104	49.386	49.422	49.26	48.942	49.248	49.332	49.608	49.374	49.566	49.59	49.608	49.794	49.632
46.62	46.488	46.524	46.734	46.644	46.77	46.74	46.92	47.034	47.04	47.034	47.166	47.232	47.124	47.256	47.154	47.208	47.208	47.286	47.256	47.208	47.292	47.208	47.238	47.082	47.1	47.172	46.932	47.172	47.352	47.088	47.244	47.07	47.172	47.088	47.16	47.196	47.238	47.196	47.238	47.178	47.208	47.304	47.316	47.34	47.406	47.382	47.376	47.538	47.466	47.64	47.772	47.64	47.706	48.036	48.066	48.21	48.18	48.492	48.396	48.564	48.648	48.738	48.864	49.05	49.266	49.098	48.834	48.912	49.224	48.99	49.05	49.074	49.14	49.158	49.326	49.35	49.098	49.08	49.296	49.452
46.362	46.338	46.218	46.482	46.44	46.53	46.584	46.884	46.716	46.722	46.908	46.992	47.01	47.022	46.944	47.034	46.956	47.028	47.124	46.944	47.082	47.022	46.962	46.926	46.788	47.1	46.95	46.842	46.884	46.926	46.926	46.872	46.998	46.83	46.818	46.902	46.884	46.974	46.902	46.968	47.01	46.878	46.938	47.046	47.124	47.1	47.076	47.196	47.304	47.442	47.292	47.328	47.556	47.748	47.664	47.712	47.796	48.09	48.054	48.336	48.504	48.468	48.606	48.738	48.648	48.984	48.966	48.816	48.756	48.966	48.912	48.966	48.894	49.092	48.702	49.116	48.936	49.146	48.864	49.158	49.248
45.912	45.9	46.062	46.2	46.194	46.338	46.218	46.554	46.452	46.578	46.65	46.896	46.752	46.74	46.704	46.776	46.734	46.884	46.878	46.962	46.8	46.746	46.716	46.824	46.59	46.674	46.68	46.602	46.878	46.818	46.608	46.614	46.752	46.65	46.668	46.602	46.506	46.662	46.608	46.59	46.488	46.524	46.668	46.824	46.734	46.926	46.938	46.794	47.07	47.058	47.124	47.22	47.244	47.442	47.52	47.526	47.538	47.91	47.802	48.03	48.132	48.168	48.456	48.312	48.666	48.936	48.528	48.72	48.54	48.588	48.78	48.792	48.876	48.906	48.882	48.894	48.768	48.984	48.624	48.96	49.098
45.738	45.78	45.852	45.888	46.032	46.074	46.11	46.2	46.326	46.482	46.392	46.602	46.452	46.542	46.602	46.602	46.536	46.572	46.824	46.668	46.644	46.56	46.584	46.566	46.518	46.494	46.344	46.368	46.482	46.398	46.368	46.332	46.566	46.506	46.254	46.572	46.344	46.284	46.314	46.344	46.164	46.362	46.47	46.524	46.428	46.68	46.5	46.776	46.65	46.788	46.752	46.968	46.932	47.262	47.202	47.34	47.226	47.562	47.646	47.838	48.012	48.168	48.348	48.324	48.702	48.798	48.468	48.408	48.528	48.522	48.642	48.546	48.564	48.504	48.672	49.02	48.426	48.456	48.546	48.834	48.69
45.516	45.456	45.534	45.594	45.726	45.852	45.81	45.894	45.996	46.128	46.422	46.386	46.284	46.368	46.32	46.422	46.278	46.392	46.296	46.392	46.236	46.332	46.272	46.212	46.092	46.23	46.062	46.05	46.266	46.218	46.08	46.278	46.14	45.972	46.086	46.158	46.176	46.116	46.05	46.062	46.05	45.984	46.182	46.296	46.362	46.26	46.206	46.41	46.362	46.5	46.656	46.602	46.59	46.956	46.944	47.172	47.124	47.514	47.55	47.646	47.802	47.796	48.114	47.976	48.264	48.366	48.246	48.048	48.204	48.498	48.48	48.33	48.312	48.432	48.432	48.498	48.432	48.534	48.402	48.39	48.504
45.204	45.156	45.348	45.27	45.444	45.552	45.66	45.768	45.798	45.87	46.062	46.194	46.248	46.08	46.158	46.134	46.146	46.134	46.272	46.17	46.098	46.146	46.05	46.068	46.068	46.218	45.924	45.9	46.146	45.984	45.852	45.714	45.804	45.912	45.708	45.828	45.738	45.81	45.72	45.732	45.726	45.822	45.942	45.864	46.068	45.942	46.05	46.14	46.242	46.254	46.242	46.524	46.548	46.77	46.752	46.782	46.92	47.07	47.112	47.508	47.388	47.736	47.97	47.91	48.072	48.3	48.33	48.126	48.198	48.354	48.282	48.126	47.934	48.348	48.186	48.318	48.114	48.144	47.904	48.3	48.33
44.832	45.036	44.994	45.036	45.15	45.39	45.3	45.552	45.546	45.702	45.786	46.008	45.792	46.002	45.996	45.984	45.918	45.996	46.236	45.948	45.93	45.888	45.822	45.762	45.804	45.828	45.642	45.72	45.642	45.768	45.54	45.564	45.66	45.564	45.552	45.51	45.468	45.546	45.51	45.576	45.486	45.444	45.54	45.66	45.636	45.792	45.678	45.9	45.882	46.038	45.99	46.296	46.194	46.344	46.53	46.686	46.89	46.74	47.01	47.346	47.484	47.574	47.682	47.76	47.994	48.03	48.162	47.988	48.042	48.102	48.264	48.168	48.066	47.94	48.132	48.054	48.09	47.976	47.82	47.988	48.072
44.58	44.694	44.598	44.838	44.952	45.024	45.186	45.3	45.324	45.522	45.666	45.774	45.774	45.618	45.768	45.786	45.786	45.732	45.852	45.678	45.498	45.69	45.504	45.552	45.414	45.474	45.33	45.438	45.414	45.468	45.318	45.36	45.426	45.378	45.198	45.336	45.246	45.144	45.138	45.336	45.084	45.162	45.276	45.168	45.384	45.462	45.486	45.69	45.708	45.63	45.912	46.05	45.978	46.14	46.236	46.302	46.746	46.62	46.866	47.046	47.22	47.106	47.478	47.892	47.736	47.916	47.802	47.448	47.694	48.108	47.844	47.778	47.79	47.778	47.94	47.922	48.054	47.67	47.676	47.928	47.742
44.376	44.4	44.454	44.61	44.634	44.748	44.886	45.042	45.174	45.246	45.45	45.606	45.594	45.462	45.396	45.546	45.492	45.564	45.594	45.504	45.462	45.294	45.468	45.402	45.306	45.33	45.168	45.234	45.246	45.33	45.18	45.27	45.204	45.21	44.976	44.988	44.91	44.868	44.976	44.994	44.928	44.802	45.198	45.036	45.066	45.054	44.934	45.426	45.474	45.54	45.534	45.684	45.702	46.002	45.996	46.098	46.164	46.494	46.602	46.692	47.142	47.016	47.184	47.346	47.37	47.784	47.454	47.46	47.55	47.844	48.0	47.748	47.814	47.724	47.706	47.898	47.724	47.58	47.52	47.694	47.694
44.196	44.022	44.148	44.16	44.484	44.466	44.676	44.634	44.934	44.862	45.108	45.528	45.33	45.408	45.378	45.408	45.276	45.504	45.414	45.324	45.174	45.276	45.162	45.072	45.096	44.976	44.922	44.964	44.874	45.12	44.832	44.934	44.664	44.73	44.736	44.832	44.61	44.67	44.7	44.526	44.49	44.526	44.628	44.43	44.82	44.946	44.808	44.976	45.168	44.988	45.24	45.444	45.672	45.66	45.582	45.948	46.128	46.278	46.308	46.446	46.668	46.908	47.112	47.22	47.292	47.664	47.226	47.544	47.442	47.628	47.712	47.556	47.694	47.712	47.478	47.574	47.676	47.304	47.196	47.37	47.28
43.662	43.8	43.83	44.04	44.118	44.208	44.292	44.544	44.586	44.718	45.03	45.186	45.102	45.072	45.15	45.228	45.174	45.186	45.198	45.018	45.072	44.994	44.772	44.808	44.712	44.754	44.76	44.676	44.598	44.814	44.544	44.592	44.544	44.514	44.682	44.514	44.406	44.358	44.232	44.268	44.16	44.184	44.37	44.28	44.358	44.832	44.646	44.688	44.814	44.796	45.006	45.252	45.246	45.282	45.486	45.768	45.936	46.038	46.23	46.416	46.344	46.638	46.836	47.07	46.848	47.328	47.028	47.04	47.262	47.46	47.592	47.472	47.262	47.388	47.328	47.352	47.334	47.01	46.902	47.28	47.25
43.548	43.536	43.584	43.776	43.932	44.082	44.142	44.418	44.436	44.544	44.772	44.994	44.994	44.964	44.838	44.964	44.898	44.928	44.904	44.754	44.706	44.712	44.658	44.628	44.694	44.574	44.49	44.292	44.346	44.52	44.544	44.334	44.238	44.208	44.16	44.148	44.112	43.932	43.752	43.854	43.944	43.83	43.998	43.878	43.98	43.89	44.262	44.274	44.46	44.652	44.724	44.79	44.886	45.09	45.336	45.468	45.54	45.552	45.882	46.182	46.266	46.428	46.692	46.734	46.872	47.274	46.86	46.932	47.052	47.1	47.334	47.28	47.136	47.424	47.406	47.28	47.1	46.926	46.8	46.902	46.752
43.092	43.254	43.362	43.476	43.698	43.722	43.854	44.094	44.202	44.388	44.592	44.73	44.64	44.598	44.55	44.826	44.688	44.634	44.748	44.562	44.502	44.532	44.232	44.238	44.496	44.208	44.322	44.25	44.148	44.046	44.046	44.082	44.034	43.998	43.86	43.878	43.368	43.362	43.488	43.506	43.476	43.668	43.674	43.524	43.602	43.698	43.656	43.536	44.244	44.166	44.322	44.52	44.604	44.946	44.874	45.078	45.276	45.426	45.798	45.774	46.05	46.086	46.356	46.764	46.77	46.992	46.668	46.848	46.98	47.022	47.04	46.926	47.07	47.154	47.166	47.22	46.938	46.764	46.65	46.704	46.512
42.798	42.768	42.918	43.194	43.248	43.482	43.602	43.908	44.13	44.226	44.4	44.454	44.538	44.406	44.574	44.514	44.418	44.478	44.364	44.418	44.322	44.244	44.088	44.142	44.058	44.034	44.046	43.938	44.016	43.848	43.836	43.65	43.842	43.572	42.984	42.894	43.008	43.032	43.008	43.044	43.02	43.332	43.266	43.242	43.29	43.308	43.2	43.254	43.23	43.134	43.188	44.214	44.322	44.448	44.808	44.748	44.952	45.228	45.396	45.636	45.75	45.876	46.158	46.32	46.5	46.8	46.386	46.758	46.776	46.788	46.92	46.74	46.944	47.202	46.968	47.13	46.602	46.776	46.584	46.458	46.458
42.678	42.63	42.822	43.098	43.092	43.296	43.374	43.746	43.74	43.896	44.148	44.238	44.226	44.256	44.334	44.31	44.1	44.16	44.184	44.328	43.944	43.968	43.866	43.83	43.872	43.764	43.602	43.614	43.704	43.554	43.368	42.396	42.408	42.426	42.564	42.654	42.726	42.804	42.744	42.834	42.87	42.84	42.9	42.894	42.918	42.948	42.918	42.99	42.852	42.828	42.804	42.846	42.696	44.166	44.382	44.37	45.0	45.018	45.132	45.36	45.564	45.642	45.696	45.894	46.332	46.506	46.248	46.386	46.638	46.494	46.824	46.638	46.518	46.998	46.944	46.914	46.74	46.464	46.344	46.272	46.098
42.366	42.342	42.528	42.684	42.84	43.116	43.152	43.434	43.752	43.602	43.998	44.154	44.064	44.094	43.914	44.076	43.974	43.866	44.088	43.914	43.74	43.758	43.626	43.674	43.578	43.44	43.446	43.368	43.362	41.94	41.946	42.162	42.168	42.066	42.288	42.186	42.258	42.426	42.348	42.378	42.444	42.48	42.564	42.576	42.63	42.528	42.558	42.486	42.558	42.498	42.528	42.654	42.456	42.51	42.342	44.268	44.61	44.754	44.88	45.126	45.216	45.426	45.648	45.738	46.242	46.374	46.2	46.224	46.284	46.446	46.554	46.656	46.32	46.728	46.734	46.842	46.488	46.578	45.99	46.098	46.014
41.952	41.934	42.084	42.402	42.534	42.93	43.134	43.284	43.428	43.428	43.71	43.836	44.04	43.764	43.812	43.836	43.758	43.644	43.8	43.68	43.536	43.458	43.392	43.362	43.272	43.146	43.224	41.364	41.46	41.496	41.646	41.772	41.832	42.144	41.796	41.904	42.03	41.916	41.952	42.096	42.162	42.12	42.078	42.138	42.096	42.306	42.06	42.312	42.294	42.084	42.066	42.27	42.126	42.102	42.222	42.06	42.066	42.156	42.114	44.76	45.054	44.946	45.456	45.732	45.624	46.284	45.996	46.098	46.002	46.074	46.218	46.32	46.47	46.314	46.59	46.554	46.59	46.056	46.14	46.11	45.828
41.766	41.676	41.784	42.096	42.432	42.588	42.864	42.984	43.14	43.392	43.53	43.626	43.542	43.542	43.518	43.752	43.458	43.458	43.416	43.476	43.236	43.17	43.158	43.092	43.086	40.914	40.854	41.136	41.088	41.202	41.28	41.424	41.334	41.364	41.508	41.55	41.568	41.646	41.688	41.694	41.766	41.616	41.664	41.904	41.856	41.838	41.73	41.85	41.712	41.916	41.892	41.946	41.76	41.91	41.7	41.634	41.634	41.694	41.742	41.424	41.616	44.886	45.096	45.414	45.606	46.176	45.798	45.684	45.924	45.882	45.9	46.02	46.218	46.548	46.524	46.35	46.14	46.098	45.876	46.05	45.678
41.448	41.484	41.73	41.814	42.15	42.348	42.444	42.738	42.9	43.02	43.332	43.212	43.458	43.338	43.416	43.368	43.29	43.308	43.338	43.188	42.99	40.548	42.852	40.554	40.44	40.62	40.536	40.986	40.698	40.914	41.022	40.944	40.986	41.172	41.076	41.184	41.304	41.232	41.232	41.358	41.286	41.28	41.448	41.61	41.292	41.436	41.358	41.592	41.544	41.424	41.334	41.346	41.466	41.454	41.418	41.436	41.328	41.43	41.268	41.394	41.346	41.172	41.232	44.916	45.45	45.906	45.516	45.534	45.708	45.87	45.852	46.08	45.834	46.194	46.404	46.218	45.93	46.068	45.594	45.744	45.606
41.01	41.034	41.382	41.574	41.97	42.12	42.36	42.426	42.666	42.888	43.008	42.948	43.236	43.08	42.996	43.032	42.906	42.948	43.092	42.87	40.068	40.2	40.074	40.128	40.11	40.404	40.176	40.32	40.398	40.452	40.542	40.506	40.8	40.722	40.794	40.842	40.746	41.01	40.794	40.914	40.974	40.884	41.046	41.118	40.962	41.13	41.046	41.112	41.13	40.968	41.076	41.034	40.932	41.082	41.148	41.046	40.944	41.118	40.95	40.968	40.878	40.938	41.01	40.908	45.144	45.12	45.114	45.234	45.582	45.552	45.78	45.672	45.594	46.188	46.344	46.212	45.912	45.846	45.6	45.618	45.288
40.794	40.8	41.232	41.37	41.55	41.772	42.18	42.342	42.594	42.612	42.768	42.636	42.834	42.828	42.732	42.774	42.81	42.702	42.75	39.594	39.684	39.702	39.768	39.942	39.948	39.9	39.87	39.978	39.906	40.086	40.092	40.248	40.248	40.344	40.344	40.398	40.38	40.524	40.512	40.548	40.584	40.77	40.626	40.62	40.74	40.692	40.638	40.71	40.722	40.5	40.782	40.584	40.644	40.584	40.716	40.68	40.65	40.596	40.668	40.644	40.578	40.638	40.668	40.458	40.41	45.198	45.048	45.192	45.33	45.438	45.6	45.306	45.45	45.834	46.32	46.092	45.792	45.714	45.612	45.54	45.198
40.368	40.512	40.734	41.13	41.328	41.58	41.808	42.144	42.198	42.33	42.516	42.522	42.81	42.648	42.384	42.558	42.42	42.36	39.168	39.18	39.456	39.456	39.504	39.558	39.504	39.606	39.606	39.6	39.564	39.81	39.774	39.882	39.996	39.996	39.984	40.02	40.056	40.146	40.194	40.284	40.236	40.17	40.296	40.254	40.308	40.416	40.362	40.278	40.44	40.278	40.266	40.314	40.29	40.242	40.212	40.362	40.266	40.398	40.422	40.224	40.278	40.278	40.29	40.236	40.206	40.002	39.576	44.622	44.904	45.198	45.27	45.318	45.39	45.48	45.93	45.924	45.528	45.642	45.168	45.276	44.958
39.948	40.266	40.626	40.902	41.106	41.406	41.472	41.898	42.228	42.18	42.342	42.24	42.564	42.42	42.12	42.366	42.174	38.772	38.982	38.97	38.982	39.132	39.138	39.156	39.114	39.096	39.096	39.204	39.252	39.258	39.348	39.384	39.522	39.216	39.672	39.534	39.744	39.66	39.792	39.666	39.708	39.864	39.978	39.984	39.87	39.9	39.786	39.912	40.074	40.038	39.942	39.852	39.948	39.93	40.032	39.798	39.822	39.624	40.056	39.93	39.75	39.948	39.918	39.924	39.822	39.69	39.468	44.49	44.79	44.64	45.294	44.856	45.078	45.222	45.714	45.738	45.54	45.456	45.216	45.558	45.048
39.666	39.888	40.314	40.698	40.89	41.172	41.418	41.598	41.85	41.802	42.0	42.036	42.198	42.072	41.94	41.97	38.298	38.382	38.394	38.598	38.688	38.754	38.7	38.856	38.814	38.874	38.712	38.838	38.928	38.91	39.03	39.078	39.222	39.162	39.312	39.252	39.39	39.378	39.408	39.342	39.42	39.444	39.45	39.516	39.564	39.462	39.576	39.462	39.738	39.612	39.546	39.45	39.588	39.426	39.606	39.396	39.468	39.54	39.612	39.6	39.504	39.582	39.798	39.654	39.6	39.498	39.006	38.79	38.778	44.376	44.76	44.814	45.168	45.3	45.804	45.348	45.144	45.438	45.078	44.982	44.64
39.366	39.756	40.056	40.278	40.644	40.836	41.154	41.352	41.466	41.604	41.844	41.844	41.754	41.73	37.686	37.764	37.734	37.974	38.208	38.19	38.262	38.304	38.304	38.448	38.538	38.358	38.418	38.532	38.628	38.52	38.718	38.658	38.658	38.664	38.796	38.766	38.868	38.778	38.91	38.808	39.036	38.958	39.114	39.294	38.982	39.144	38.982	39.06	39.21	39.09	39.108	39.048	39.018	39.312	39.222	38.988	39.162	39.174	39.18	39.276	39.222	39.198	39.12	39.174	39.3	38.994	38.742	38.364	38.382	44.322	44.328	44.592	44.76	45.012	45.498	45.174	44.874	45.144	44.946	45.114	44.664
39.192	39.42	39.882	40.068	40.38	40.686	40.89	41.214	41.136	41.304	41.496	41.754	41.61	41.46	37.218	37.332	37.68	37.692	37.704	37.836	38.13	37.974	37.896	37.92	37.956	38.208	38.01	37.986	38.112	38.244	38.178	38.286	38.352	38.436	38.364	38.334	38.598	38.478	38.358	38.562	38.538	38.658	38.73	38.712	38.574	38.772	38.712	38.574	38.862	38.568	38.664	38.754	38.544	38.67	38.814	38.652	38.736	38.778	38.85	38.76	38.79	38.784	38.868	38.808	38.808	38.742	38.46	38.34	37.974	37.86	37.89	44.112	44.586	44.718	45.102	44.802	44.862	44.844	44.73	45.042	44.514
38.82	39.144	39.504	39.792	40.164	40.386	40.644	40.968	40.836	41.016	41.154	41.178	41.376	41.04	37.002	37.254	37.23	37.362	37.452	37.548	37.626	37.626	37.524	37.632	37.554	37.698	37.608	37.692	37.602	37.674	37.782	37.764	37.836	38.064	37.896	38.088	37.938	38.004	38.004	38.076	38.136	38.088	38.25	38.226	38.334	38.16	38.064	38.238	38.202	38.286	38.238	38.166	38.166	38.424	38.19	38.352	38.46	38.472	38.514	38.322	38.424	38.286	38.43	38.454	38.322	38.322	38.052	38.04	37.878	37.806	37.308	43.92	44.22	44.574	44.67	44.658	44.622	44.706	44.67	44.766	44.412
38.628	38.67	39.378	39.528	39.786	40.122	40.332	40.578	40.74	40.68	40.962	40.992	41.196	40.74	36.792	36.786	36.93	37.038	36.99	37.068	37.176	37.134	37.032	37.272	37.242	37.224	37.29	37.308	37.26	37.404	37.344	37.368	37.47	37.44	37.392	37.74	37.638	37.572	37.602	37.65	37.782	37.59	37.83	37.836	37.8	37.878	37.644	37.746	37.866	37.758	37.932	37.878	37.83	37.926	37.98	37.872	38.004	37.95	37.956	37.914	38.184	37.974	37.95	38.13	38.058	38.148	37.776	37.788	37.56	37.632	43.434	43.674	44.034	44.268	44.58	44.73	44.622	44.304	44.532	44.598	44.202
38.292	38.622	38.85	39.318	39.552	39.852	39.936	40.398	40.392	40.578	40.614	40.644	40.692	36.342	36.456	36.552	36.468	36.666	36.774	36.792	36.744	36.828	36.762	36.828	36.858	37.002	36.84	36.948	36.93	36.996	37.02	36.9	37.2	37.092	37.146	37.146	37.122	37.374	37.182	37.104	37.314	37.128	37.254	37.242	37.386	37.326	37.272	37.182	37.398	37.38	37.53	37.35	37.272	37.434	37.452	37.536	37.428	37.488	37.752	37.578	37.584	37.542	37.71	37.638	37.704	37.524	37.458	37.248	37.326	37.038	37.104	43.218	43.788	43.998	44.076	44.328	44.034	44.436	44.298	44.538	44.1
37.986	38.304	38.592	38.952	39.246	39.528	39.738	39.936	40.11	40.272	40.224	40.26	35.886	35.922	36.048	36.252	36.12	36.282	36.21	36.414	36.3	36.408	36.378	36.474	36.414	36.492	36.348	36.39	36.42	36.504	36.504	36.444	36.576	36.606	36.6	36.624	36.72	36.816	36.708	36.732	36.822	36.882	36.978	36.972	36.966	36.918	36.924	36.774	36.888	37.002	36.834	36.864	36.99	37.02	37.134	36.936	37.002	37.104	37.254	36.912	37.362	37.41	37.164	37.314	37.338	37.29	36.84	36.84	36.918	36.834	36.66	36.48	43.386	43.776	43.872	44.148	43.878	43.872	44.034	44.28	43.722
37.626	37.908	38.304	38.724	38.946	39.27	39.402	39.6	39.552	39.81	40.014	40.044	35.358	35.454	35.796	35.736	35.862	35.808	35.934	35.952	35.952	35.994	36.234	36.012	36.144	36.108	35.946	36.018	36.036	35.874	36.108	36.012	36.21	36.246	36.192	36.126	36.252	36.282	36.42	36.228	36.438	36.276	36.48	36.492	36.408	36.408	36.342	36.468	36.54	36.492	36.528	36.462	36.564	36.51	36.636	36.618	36.822	36.846	36.84	36.678	36.87	36.786	36.75	36.87	36.99	36.702	36.492	36.588	36.75	36.522	36.204	36.174	42.966	43.5	43.83	43.812	43.626	43.71	43.608	43.878	43.548
37.422	37.734	38.262	38.43	38.694	39.066	39.102	39.264	39.276	39.45	39.66	34.878	35.07	35.04	35.34	35.478	35.382	35.376	35.502	35.424	35.544	35.508	35.538	35.628	35.73	35.646	35.574	35.586	35.628	35.532	35.532	35.67	35.67	35.61	35.76	35.676	35.922	35.778	35.718	35.754	36.078	35.898	35.922	36.012	35.97	36.132	35.88	35.886	36.27	36.0	36.006	36.12	36.066	36.114	36.33	36.15	36.114	36.264	36.294	36.144	36.42	36.336	36.51	36.432	36.456	36.39	36.264	36.03	36.156	36.168	36.042	35.706	35.706	43.14	43.572	43.32	43.254	43.494	43.608	43.65	43.788
37.11	37.53	37.818	38.064	38.4	38.616	38.694	39.15	39.006	39.198	34.584	34.506	34.752	34.764	34.812	34.998	34.902	35.04	35.04	35.142	35.088	35.124	35.232	35.226	35.172	35.088	35.304	35.388	35.238	35.154	35.16	35.196	35.196	35.28	35.34	35.244	35.418	35.268	35.358	35.448	35.406	35.322	35.64	35.55	35.454	35.622	35.334	35.442	35.544	35.556	35.538	35.67	35.622	35.712	35.592	35.748	35.754	35.946	35.976	35.85	35.91	35.91	36.024	36.12	35.976	36.114	35.868	35.526	35.634	35.544	35.706	35.49	35.418	35.142	43.266	43.074	42.726	43.188	43.194	43.608	43.818
36.894	37.242	37.686	37.872	37.992	38.382	38.346	38.694	38.592	38.742	34.134	34.248	34.242	34.356	34.35	34.554	34.62	34.554	34.644	34.812	34.704	34.698	34.77	34.704	34.788	34.842	34.722	34.722	34.782	34.71	34.734	34.83	34.878	34.776	34.938	34.866	34.908	34.938	34.776	34.788	34.77	34.926	34.986	35.028	34.986	35.04	34.992	34.98	35.238	34.98	35.16	35.1	35.262	35.076	35.394	35.406	35.202	35.496	35.496	35.22	35.418	35.598	35.49	35.496	35.622	35.604	35.472	35.31	35.334	35.25	35.43	35.094	34.968	34.836	42.822	42.84	42.522	42.864	42.702	43.356	43.584
36.624	36.948	37.41	37.71	37.926	37.758	38.058	38.22	38.244	33.522	33.672	33.738	33.912	33.84	33.936	34.176	34.11	34.326	34.32	34.356	34.23	34.248	34.182	34.404	34.254	34.314	34.254	34.272	34.236	34.26	34.29	34.446	34.236	34.338	34.398	34.416	34.422	34.332	34.29	34.32	34.23	34.434	34.512	34.494	34.524	34.476	34.656	34.44	34.68	34.404	34.704	34.494	34.644	34.71	34.734	34.782	34.734	34.938	34.884	34.938	34.944	35.052	35.154	35.124	35.112	35.142	35.088	34.974	34.848	34.848	34.842	34.692	34.554	34.392	34.392	42.456	42.534	42.498	42.702	43.374	43.308
36.312	36.552	37.038	37.422	37.554	37.704	37.668	37.758	37.77	33.018	33.42	33.33	33.408	33.612	33.606	33.792	33.612	33.636	33.972	33.744	33.774	33.912	33.828	33.726	33.828	33.87	33.894	33.774	33.966	33.75	33.918	33.804	33.846	33.822	33.846	33.828	33.816	33.9	33.912	33.84	33.864	33.858	34.014	33.924	34.098	34.134	33.978	34.008	34.014	33.99	34.098	34.182	34.08	34.182	34.464	34.416	34.452	34.398	34.548	34.464	34.614	34.554	34.518	34.884	34.83	34.614	34.566	34.476	34.344	34.5	34.458	34.362	34.338	34.008	33.864	41.97	42.084	42.684	42.516	43.008	43.11
36.0	36.306	36.786	37.086	37.116	37.314	37.536	37.266	32.364	32.682	32.88	32.982	33.072	33.15	33.162	33.258	33.234	33.222	33.378	33.282	33.318	33.36	33.366	33.318	33.396	33.33	33.306	33.366	33.366	33.276	33.264	33.342	33.258	33.414	33.444	33.324	33.378	33.414	33.426	33.324	33.39	33.426	33.492	33.51	33.39	33.54	33.456	33.486	33.744	33.456	33.756	33.54	33.69	33.75	33.93	33.966	33.798	33.894	34.134	34.05	34.086	34.002	34.242	34.032	34.32	34.26	34.05	34.038	34.146	34.17	33.924	33.756	33.954	33.54	33.516	33.324	41.874	42.264	42.096	43.254	42.864
35.616	35.952	36.51	36.618	36.828	37.014	37.152	37.188	32.01	32.214	32.388	32.418	32.58	32.73	32.76	32.916	32.844	32.958	32.946	32.844	32.85	32.85	32.838	32.796	32.796	32.934	33.048	32.832	32.868	32.808	32.898	32.892	32.874	32.922	32.844	32.862	32.91	32.838	32.814	32.676	32.862	32.802	32.832	32.922	32.922	32.85	33.018	32.82	33.06	33.126	33.15	33.168	33.282	33.156	33.228	33.39	33.546	33.408	33.582	33.504	33.606	33.534	33.558	33.666	33.894	33.846	33.69	33.6	33.564	33.456	33.666	33.426	33.438	33.012	33.114	32.952	41.556	41.766	41.784	42.948	42.756
35.184	35.61	36.03	36.522	36.426	36.624	36.738	31.452	31.536	31.806	31.968	31.98	32.022	32.124	32.364	32.394	32.136	32.346	32.334	32.448	32.322	32.43	32.418	32.43	32.376	32.424	32.388	32.274	32.442	32.346	32.346	32.304	32.382	32.37	32.334	32.424	32.142	32.238	32.214	32.178	32.244	32.22	32.394	32.298	32.34	32.406	32.514	32.37	32.43	32.55	32.388	32.724	32.76	32.664	32.856	32.784	32.898	32.802	32.916	33.036	33.108	33.108	33.174	33.252	33.33	33.258	33.204	33.018	33.066	33.048	33.078	32.922	32.988	32.622	32.664	32.67	32.184	41.562	41.724	41.964	41.634
34.884	35.244	35.706	35.862	36.06	36.21	36.282	30.87	31.146	31.2	31.53	31.512	31.644	31.626	31.86	31.98	31.692	31.896	31.944	31.908	31.866	31.902	31.884	31.806	31.878	31.998	31.866	31.788	31.854	31.77	31.224	31.356	31.446	31.416	31.608	31.656	31.656	31.608	31.692	31.764	31.698	31.596	31.818	31.878	31.854	31.818	31.854	31.806	31.812	31.728	31.74	31.824	31.836	31.704	31.74	31.758	32.37	32.256	32.496	32.328	32.58	32.478	32.712	32.838	32.724	32.832	32.682	32.652	32.556	32.568	32.67	32.556	32.454	32.31	32.208	32.046	31.83	31.368	41.574	41.886	41.34
34.62	35.028	35.262	35.556	35.592	35.688	30.27	30.462	30.72	30.864	31.062	31.05	31.062	31.146	31.248	31.458	31.236	31.41	31.338	31.284	31.338	31.464	31.26	31.362	31.404	30.672	30.546	30.618	30.642	30.75	30.72	30.888	30.966	30.936	31.104	31.116	31.23	31.05	31.044	31.008	31.302	31.068	31.116	31.212	31.158	31.23	31.296	31.182	31.26	31.092	31.176	31.098	31.212	31.212	31.236	31.278	31.11	31.26	31.164	31.98	31.98	32.148	32.148	32.202	32.478	32.37	32.256	32.154	32.058	32.154	32.112	32.016	31.956	31.902	31.95	31.656	31.398	31.086	40.974	41.418	41.112
34.26	34.548	34.824	35.04	35.076	35.424	29.706	29.952	30.108	30.18	30.582	30.492	30.69	30.708	30.84	30.762	30.81	30.876	29.628	29.724	29.772	29.832	29.832	29.82	29.82	29.91	29.916	29.994	30.084	30.042	30.012	30.312	30.198	30.264	30.54	30.444	30.654	30.474	30.618	30.48	30.558	30.534	30.762	30.804	30.606	30.738	30.594	30.732	30.792	30.642	30.684	30.582	30.726	30.63	30.708	30.744	30.684	30.546	30.726	30.462	30.528	30.564	30.504	30.51	30.546	30.414	30.09	31.422	31.542	31.494	31.548	31.452	31.578	31.164	31.218	31.2	30.786	30.546	30.198	41.472	40.464
33.972	34.074	34.446	34.638	34.746	29.028	29.184	29.58	29.778	29.79	30.096	30.03	29.994	30.084	30.234	28.86	30.24	28.962	28.908	29.118	29.214	29.298	29.358	29.298	29.334	29.424	29.478	29.358	29.436	29.646	29.58	29.778	29.874	29.706	29.778	29.82	29.922	29.934	29.958	29.934	29.808	30.024	29.946	30.12	30.102	30.018	30.03	30.21	30.186	30.03	30.018	30.018	30.15	30.024	29.994	30.012	30.036	29.958	29.964	30.078	30.168	29.976	29.862	29.91	29.874	29.922	29.634	29.538	30.918	31.092	31.014	30.942	31.152	30.87	30.87	30.918	30.51	30.18	29.73	40.566	40.164
33.708	33.738	34.308	34.17	34.248	28.53	28.86	29.076	29.262	29.346	29.49	29.592	29.544	29.628	29.706	28.266	28.416	28.5	28.518	28.68	28.644	28.584	28.698	28.794	28.782	28.758	28.914	28.854	28.884	28.932	29.04	29.076	29.016	29.202	29.208	29.142	29.292	29.448	29.352	29.412	29.55	29.55	29.538	29.496	29.406	29.55	29.502	29.67	29.436	29.43	29.388	29.484	29.448	29.46	29.568	29.352	29.556	29.442	29.34	29.49	29.508	29.418	29.4	29.322	29.31	29.052	29.028	29.058	28.866	28.95	30.426	30.348	30.594	30.408	30.378	30.246	30.144	29.652	29.166	39.798	39.738
33.156	33.234	33.666	33.834	27.732	28.092	28.314	28.44	28.65	28.8	28.992	28.902	29.202	27.444	27.612	27.642	27.798	27.924	27.984	27.954	28.026	28.086	28.062	28.164	28.212	28.098	28.23	28.236	28.242	28.308	28.32	28.482	28.416	28.518	28.674	28.542	28.698	28.662	28.842	28.764	28.77	28.704	28.734	28.956	28.932	28.86	28.824	28.812	28.962	28.896	28.806	28.764	28.92	28.8	28.92	29.022	29.058	28.914	28.722	28.818	28.878	28.782	28.728	28.644	28.704	28.704	28.41	28.41	28.518	28.356	28.29	29.886	30.09	29.82	29.82	29.55	29.496	29.28	28.89	28.224	39.486
32.886	32.814	33.108	33.27	27.24	27.522	27.726	27.918	28.176	28.272	28.47	26.712	26.91	26.97	27.102	27.18	27.282	27.24	27.276	27.492	27.438	27.558	27.504	27.504	27.588	27.588	27.516	27.636	27.624	27.876	27.846	27.858	27.882	27.888	28.086	27.948	28.212	28.002	28.098	28.074	28.176	28.236	28.254	28.248	28.212	28.404	28.224	28.362	28.188	28.362	28.368	28.212	28.194	28.338	28.29	28.194	28.152	28.308	28.26	28.086	28.212	28.152	28.194	28.146	28.098	28.122	27.882	27.9	27.906	27.924	27.768	27.576	27.492	29.208	29.328	29.262	28.854	28.68	28.416	27.762	38.256
32.43	32.16	32.784	26.268	26.64	27.036	27.174	27.324	27.702	27.75	26.226	26.244	26.412	26.394	26.64	26.634	26.61	26.556	26.664	26.838	26.844	27.012	26.844	26.898	26.964	26.94	26.946	27.156	27.03	27.186	27.012	27.234	27.336	27.402	27.324	27.366	27.414	27.486	27.372	27.558	27.552	27.33	27.486	27.534	27.57	27.69	27.57	27.612	27.708	27.57	27.702	27.522	27.822	27.66	27.708	27.654	27.54	27.582	27.654	27.528	27.468	27.522	27.528	27.588	27.486	27.48	27.234	27.234	27.15	27.192	27.138	26.904	26.97	26.736	28.764	28.752	28.404	28.23	27.996	27.492	26.742
31.83	31.992	32.214	25.986	26.184	26.484	26.622	26.808	27.06	25.53	25.662	25.728	25.776	25.788	26.022	25.92	25.89	26.004	26.232	26.136	26.232	26.43	26.346	26.406	26.322	26.286	26.4	26.334	26.394	26.424	26.424	26.598	26.634	26.592	26.706	27.132	26.886	26.898	26.964	26.934	26.76	27.06	27.012	27.096	26.904	27.09	27.012	26.874	27.054	26.874	26.934	26.994	27.054	27.06	27.012	26.934	27.048	27.06	27.0	26.982	26.982	26.964	27.066	26.958	27.0	26.796	26.604	26.586	26.7	26.436	26.61	26.364	26.322	26.304	28.284	28.008	27.804	27.636	27.324	26.88	26.478
31.524	31.362	25.008	25.476	25.71	25.872	26.142	26.448	24.87	24.942	25.086	25.074	25.104	25.158	25.17	25.2	25.398	25.476	25.518	25.47	25.638	25.608	25.716	25.644	25.704	25.782	25.734	25.758	25.776	25.962	25.8	25.908	26.064	26.058	26.118	26.19	26.28	26.142	26.202	26.232	26.232	26.226	26.268	26.208	26.412	26.316	26.43	26.43	26.316	26.28	26.46	26.292	26.322	26.322	26.49	26.412	26.43	26.4	26.286	26.328	26.232	26.316	26.268	26.334	26.268	26.082	25.986	25.908	25.986	25.92	25.95	25.74	25.986	25.758	25.722	25.452	27.336	26.898	26.79	26.256	25.98
30.996	30.882	24.492	24.87	25.128	25.278	25.542	25.908	24.276	24.354	24.45	24.606	24.456	24.582	24.612	24.75	24.744	24.708	24.9	24.798	24.924	25.014	25.044	24.984	25.086	25.134	24.954	25.104	25.068	25.194	25.254	25.386	25.416	25.332	25.53	25.524	25.5	25.584	25.59	25.548	25.452	25.542	25.626	25.548	25.686	25.71	25.686	25.758	25.68	25.722	25.644	25.65	25.668	25.782	25.758	25.842	25.716	25.704	25.764	25.686	25.632	25.71	25.542	25.596	25.764	25.566	25.284	25.272	25.404	25.398	25.212	25.176	25.194	25.152	25.182	24.936	26.652	26.556	26.184	26.154	25.44
30.54	23.532	24.078	24.24	24.552	24.726	24.858	23.514	23.694	23.682	23.778	23.808	23.88	23.964	24.006	23.994	24.054	24.126	24.246	24.174	24.258	24.33	24.366	24.318	24.426	24.474	24.534	24.51	24.474	24.666	24.45	24.588	24.684	24.75	24.876	24.87	24.924	24.996	24.87	24.966	24.81	24.888	25.02	24.978	25.092	24.912	24.9	25.116	25.074	25.014	25.038	25.044	24.888	24.996	25.134	24.9	24.954	25.158	24.972	24.96	25.032	25.098	25.02	24.96	24.954	24.894	24.684	24.714	24.522	24.642	24.594	24.618	24.528	24.348	24.456	24.312	24.21	25.842	25.716	25.332	24.984
29.856	22.866	23.424	23.694	23.97	24.15	22.98	22.962	22.98	22.938	23.148	23.106	23.142	23.184	23.268	23.418	23.538	23.49	23.514	23.61	23.76	23.64	23.766	23.598	23.766	23.748	23.766	23.814	23.784	23.934	23.934	23.904	23.976	24.06	24.108	24.162	24.27	24.39	24.168	24.192	24.252	24.084	24.408	24.294	24.324	24.426	24.3	24.378	24.42	24.21	24.342	24.492	24.318	24.426	24.396	24.246	24.33	24.318	24.54	24.342	24.354	24.258	24.306	24.384	24.282	24.192	23.88	23.982	24.12	24.036	23.82	23.808	23.922	23.676	23.814	23.808	23.664	23.448	25.086	24.996	24.54
29.406	22.482	22.908	23.082	23.436	23.52	22.182	22.206	22.314	22.476	22.476	22.476	22.548	22.578	22.788	22.728	22.782	22.872	22.788	22.836	23.028	22.944	22.944	22.932	23.058	23.208	23.094	23.142	23.076	23.154	23.238	23.37	23.358	23.358	23.55	23.4	23.52	23.532	23.664	23.514	23.466	23.538	23.616	23.61	23.58	23.7	23.646	23.712	23.61	23.634	23.7	23.706	23.7	23.724	23.832	23.712	23.718	23.688	23.76	23.61	23.742	23.688	23.622	23.514	23.628	23.694	23.478	23.316	23.412	23.292	23.292	22.914	23.118	23.1	23.184	23.214	23.13	22.776	24.456	24.45	23.976
21.51	21.834	22.314	22.572	22.644	21.426	21.462	21.564	21.612	21.852	21.882	21.822	21.792	22.05	21.834	21.966	22.026	22.11	22.116	22.254	22.326	22.272	22.164	22.326	22.398	22.362	22.446	22.476	22.476	22.554	22.41	22.512	22.59	22.692	22.812	22.662	22.752	22.902	22.842	22.932	22.992	23.046	22.908	22.884	22.938	23.076	23.004	22.974	23.076	22.992	23.028	22.914	22.998	22.908	23.046	23.148	22.95	23.094	23.052	22.974	23.01	22.968	22.98	22.926	22.806	22.824	22.728	22.83	22.818	22.716	22.614	22.584	22.47	22.488	22.716	22.446	22.44	22.116	22.134	23.874	23.406
20.91	21.336	21.744	21.984	22.17	20.802	20.988	20.838	21.072	21.192	21.132	21.12	21.162	21.162	21.24	21.36	21.324	21.426	21.396	21.726	21.618	21.546	21.57	21.696	21.702	21.75	21.72	21.75	21.714	21.81	21.834	21.882	22.074	22.062	22.14	21.984	22.026	22.29	22.05	22.116	22.062	22.248	22.2	22.08	22.158	22.146	22.29	22.194	22.356	22.374	22.296	22.284	22.398	22.386	22.266	22.362	22.356	22.2	22.362	22.26	22.41	22.146	22.242	22.332	22.146	22.284	22.056	22.068	22.008	21.894	22.008	21.816	21.822	21.696	21.87	21.654	21.654	21.528	21.39	23.34	22.692
20.466	20.736	21.132	21.336	19.962	20.136	20.244	20.31	20.232	20.19	20.454	20.442	20.61	20.556	20.604	20.712	20.634	20.778	20.73	20.964	20.94	20.922	20.904	20.88	20.952	21.012	21.036	21.048	21.012	21.234	21.078	21.246	21.33	21.204	21.294	21.216	21.3	21.486	21.408	21.39	21.33	21.504	21.486	21.432	21.594	21.474	21.696	21.588	21.642	21.63	21.564	21.546	21.546	21.642	21.612	21.606	21.624	21.636	21.558	21.654	21.576	21.576	21.546	21.348	21.618	21.534	21.372	21.33	21.408	21.216	21.144	21.102	21.174	21.036	21.252	21.132	21.084	20.958	20.802	20.832	22.23
19.794	20.196	20.478	19.236	19.386	19.344	19.566	19.662	19.674	19.674	19.716	19.596	19.788	19.674	19.854	19.974	20.112	19.878	20.076	20.088	20.148	20.154	20.16	20.268	20.274	20.274	20.352	20.316	20.34	20.376	20.43	20.574	20.55	20.568	20.658	20.568	20.598	20.706	20.604	20.772	20.814	20.736	20.694	20.772	20.946	20.886	20.808	20.886	20.958	20.85	20.838	20.838	20.88	20.814	20.856	20.946	20.742	20.958	20.934	20.766	20.676	20.958	20.79	20.886	20.838	20.832	20.514	20.676	20.748	20.748	20.502	20.562	20.322	20.226	20.526	20.544	20.334	20.076	20.226	20.112	19.62
19.194	19.512	19.914	18.522	18.63	18.768	18.864	18.924	18.852	19.116	19.086	19.026	19.038	19.08	19.218	19.23	19.428	19.314	19.326	19.41	19.368	19.476	19.494	19.572	19.542	19.674	19.674	19.686	19.68	19.62	19.65	19.77	19.902	19.788	19.902	19.8	19.908	19.98	20.04	20.016	19.98	20.022	20.136	20.058	20.226	20.19	20.142	20.22	20.16	20.124	20.028	20.046	20.034	20.16	20.154	20.118	20.124	20.31	20.166	20.232	20.16	20.112	20.052	20.088	20.058	20.094	19.872	20.01	19.902	19.836	19.746	19.74	19.698	19.854	19.71	19.758	19.632	19.602	19.476	19.284	19.164
18.606	18.888	19.35	17.766	17.976	18.096	18.114	18.186	18.15	18.348	18.312	18.228	18.336	18.462	18.51	18.516	18.588	18.48	18.546	18.672	18.69	18.81	18.738	18.78	18.756	18.87	18.816	18.81	18.99	18.984	19.074	18.894	19.164	19.02	19.236	19.074	19.296	19.218	19.056	19.272	19.272	19.332	19.482	19.158	19.338	19.488	19.32	19.35	19.452	19.44	19.554	19.41	19.392	19.452	19.488	19.476	19.296	19.374	19.32	19.428	19.356	19.476	19.488	19.386	19.422	19.386	19.146	19.254	19.224	19.11	19.026	19.206	19.104	19.002	19.098	18.972	18.846	18.936	18.864	18.6	18.588
17.928	18.294	17.01	17.046	17.22	17.316	17.46	17.364	17.484	17.598	17.73	17.622	17.628	17.652	17.646	17.766	17.73	17.868	17.856	18.054	17.958	18.048	18.024	18.09	18.054	18.108	18.15	18.204	18.078	18.27	18.174	18.174	18.42	18.348	18.354	18.372	18.414	18.468	18.45	18.504	18.588	18.558	18.462	18.666	18.648	18.594	18.546	18.654	18.678	18.726	18.654	18.822	18.636	18.648	18.786	18.588	18.588	18.72	18.612	18.528	18.732	18.582	18.546	18.72	18.69	18.606	18.372	18.402	18.402	18.342	18.186	18.288	18.258	18.174	18.45	18.264	18.282	18.24	18.078	18.048	17.934
17.25	17.64	16.308	16.494	16.524	16.548	16.584	16.662	16.728	16.722	16.794	16.734	16.89	16.896	16.956	16.986	17.094	17.112	17.082	17.208	17.214	17.184	17.22	17.37	17.268	17.364	17.346	17.376	17.328	17.502	17.454	17.46	17.616	17.586	17.574	17.646	17.754	17.838	17.748	17.682	17.76	17.85	17.766	17.838	17.964	17.91	17.904	17.868	17.892	17.832	17.892	17.886	17.958	17.88	17.982	17.91	18.012	17.982	17.826	17.892	17.862	18.006	17.754	17.88	17.784	17.85	17.712	17.742	17.586	17.604	17.55	17.424	17.484	17.508	17.58	17.574	17.544	17.496	17.358	17.202	17.088
16.662	15.468	15.57	15.672	15.768	15.882	15.816	15.942	15.906	16.062	16.038	16.098	15.984	16.194	16.176	16.2	16.374	16.188	16.29	16.416	16.47	16.368	16.5	16.518	16.434	16.536	16.536	16.56	16.572	16.686	16.722	16.68	16.812	16.812	16.866	16.842	16.974	16.926	16.884	16.896	16.95	17.046	16.98	17.07	17.022	17.016	17.076	17.13	17.022	17.016	17.04	17.076	17.16	17.13	17.19	17.004	17.214	17.298	17.058	17.106	17.112	17.088	17.13	17.196	17.124	17.04	16.764	16.956	16.914	16.854	16.83	16.734	16.758	16.704	16.83	16.734	16.836	16.758	16.578	16.53	16.266
15.888	14.778	14.856	14.946	14.946	15.096	15.114	15.12	15.156	15.06	15.306	15.27	15.276	15.282	15.486	15.462	15.516	15.432	15.558	15.6	15.702	15.756	15.672	15.72	15.648	15.75	15.828	15.804	15.804	15.882	15.864	15.858	16.074	16.044	16.086	16.062	16.152	16.134	16.134	16.194	16.26	16.248	16.17	16.158	16.098	16.248	16.23	16.29	16.302	16.14	16.326	16.332	16.236	16.326	16.422	16.26	16.404	16.356	16.32	16.32	16.356	16.29	16.404	16.326	16.194	16.23	16.116	16.158	16.074	16.17	15.942	15.96	15.93	15.924	16.17	16.032	16.014	15.936	15.942	15.756	15.6
13.872	14.022	14.07	14.13	14.334	14.28	14.358	14.304	14.496	14.448	14.544	14.646	14.544	14.664	14.664	14.694	14.736	14.712	14.706	14.88	14.886	14.844	14.82	14.994	14.892	14.982	14.952	15.048	15.036	15.156	14.982	15.21	15.186	15.234	15.228	15.336	15.282	15.426	15.33	15.324	15.384	15.336	15.456	15.498	15.546	15.516	15.45	15.342	15.528	15.546	15.492	15.384	15.492	15.576	15.48	15.504	15.582	15.63	15.54	15.528	15.51	15.48	15.456	15.45	15.576	15.318	15.426	15.414	15.396	15.234	15.216	15.174	15.0	15.18	15.396	15.3	15.348	15.21	15.084	15.156	14.94
13.23	13.176	13.266	13.344	13.488	13.488	13.686	13.554	13.656	13.626	13.83	13.686	13.734	13.782	13.98	14.04	13.992	13.896	13.992	13.962	14.118	14.094	14.028	14.166	14.172	14.142	14.208	14.148	14.202	14.298	14.274	14.256	14.442	14.448	14.592	14.382	14.538	14.514	14.454	14.526	14.562	14.658	14.616	14.658	14.574	14.772	14.634	14.472	14.592	14.562	14.634	14.658	14.712	14.7	14.808	14.742	14.616	14.694	14.724	14.634	14.634	14.766	14.646	14.664	14.778	14.622	14.364	14.532	14.496	14.448	14.388	14.424	14.352	14.4	14.502	14.508	14.238	14.358	14.316	14.238	14.112
12.372	12.432	12.564	12.498	12.618	12.702	12.816	12.708	12.822	12.69	12.828	12.846	12.954	12.996	13.008	13.122	13.104	13.104	13.038	13.26	13.212	13.278	13.35	13.284	13.356	13.398	13.326	13.47	13.32	13.548	13.476	13.536	13.476	13.488	13.692	13.608	13.692	13.65	13.716	13.638	13.872	13.818	13.98	13.728	13.788	13.902	13.872	13.884	13.854	13.74	13.902	13.794	13.884	13.842	13.926	13.878	13.902	13.836	13.95	13.866	13.698	13.824	13.728	13.812	13.842	13.794	13.572	13.674	13.878	13.686	13.698	13.566	13.488	13.704	13.656	13.692	13.566	13.56	13.41	13.356	13.2
11.478	11.622	11.676	11.766	11.724	11.898	11.916	11.892	11.91	12.042	11.958	11.988	12.048	12.18	12.222	12.15	12.342	12.27	12.33	12.48	12.438	12.408	12.474	12.57	12.498	12.51	12.576	12.66	12.534	12.612	12.612	12.708	12.762	12.696	12.894	12.744	12.894	12.828	12.84	12.906	12.936	12.954	12.948	13.026	12.912	12.888	12.954	13.05	13.02	12.9	13.014	12.888	13.008	13.002	12.936	13.098	13.05	13.032	13.044	13.002	12.984	13.086	13.044	12.966	13.026	12.96	12.948	12.786	12.774	12.822	12.822	12.702	12.798	12.792	12.84	12.918	12.84	12.942	12.564	12.66	12.54
10.698	10.758	10.824	10.884	11.028	11.004	11.082	11.016	11.034	11.202	11.214	11.334	11.25	11.262	11.34	11.562	11.472	11.43	11.454	11.418	11.448	11.742	11.508	11.622	11.586	11.652	11.67	11.622	11.592	11.712	11.664	11.862	11.772	11.958	11.958	11.892	11.946	12.012	11.994	11.964	12.09	12.09	12.108	12.072	12.12	12.168	12.222	12.102	12.264	12.168	11.964	12.252	12.162	12.18	12.114	12.168	12.186	12.12	12.168	12.12	12.048	12.192	12.162	12.216	12.318	12.228	11.952	11.922	12.012	11.916	11.898	11.79	11.874	11.91	12.072	12.06	11.934	11.922	11.808	11.724	11.826
9.822	9.972	9.996	10.11	10.122	10.05	10.122	10.206	10.23	10.23	10.338	10.35	10.428	10.524	10.44	10.488	10.692	10.494	10.608	10.632	10.662	10.764	10.782	10.788	10.746	10.77	10.758	10.722	10.74	10.962	10.836	10.998	11.064	10.974	10.908	10.878	11.088	11.208	11.028	11.13	11.184	11.196	11.244	11.256	11.118	11.28	11.256	11.22	11.328	11.238	11.226	11.208	11.238	11.184	11.286	11.184	11.256	11.418	11.358	11.442	11.256	11.202	11.28	11.37	11.238	11.232	11.082	11.136	11.214	11.082	10.998	11.04	10.902	10.998	11.076	11.13	11.04	11.082	10.992	10.968	10.662
9.03	9.186	9.012	9.192	9.192	9.336	9.306	9.336	9.324	9.444	9.432	9.474	9.54	9.552	9.606	9.702	9.744	9.624	9.78	9.654	9.738	9.738	9.756	9.822	9.924	9.912	9.942	9.888	9.792	10.044	9.984	9.984	10.14	10.056	10.122	10.098	10.134	10.176	10.17	10.212	10.146	10.38	10.254	10.152	10.266	10.464	10.428	10.404	10.266	10.218	10.332	10.356	10.392	10.224	10.314	10.314	10.398	10.5	10.404	10.398	10.32	10.194	10.188	10.32	10.29	10.392	10.224	10.176	10.218	10.212	10.11	10.098	10.2	10.194	10.338	10.248	10.14	10.266	10.11	10.056	9.918
8.088	8.244	8.292	8.262	8.28	8.442	8.37	8.376	8.436	8.46	8.478	8.658	8.526	8.628	8.652	8.778	8.694	8.784	8.784	8.832	8.826	8.898	8.796	8.94	8.928	8.91	8.964	8.976	8.958	9.096	8.982	9.09	9.108	9.18	9.24	9.27	9.264	9.372	9.312	9.288	9.342	9.282	9.378	9.486	9.438	9.486	9.486	9.474	9.39	9.498	9.522	9.366	9.456	9.45	9.42	9.666	9.342	9.468	9.384	9.546	9.288	9.408	9.51	9.414	9.396	9.354	9.222	9.336	9.408	9.276	9.222	9.078	9.228	9.126	9.348	9.42	9.192	9.276	9.15	9.168	9.036
7.158	7.302	7.392	7.356	7.392	7.476	7.452	7.566	7.584	7.518	7.482	7.638	7.716	7.698	7.788	7.812	7.926	7.848	7.836	7.89	7.98	7.98	7.92	8.034	8.004	8.064	8.1	8.124	7.998	8.106	8.082	8.154	8.274	8.238	8.208	8.238	8.328	8.31	8.4	8.442	8.316	8.31	8.304	8.376	8.436	8.352	8.514	8.526	8.52	8.43	8.514	8.394	8.508	8.598	8.532	8.502	8.37	8.508	8.568	8.394	8.442	8.484	8.532	8.448	8.52	8.376	8.31	8.394	8.454	8.232	8.316	8.346	8.112	8.28	8.388	8.454	8.37	8.514	8.526	8.178	8.214
6.306	6.366	6.288	6.438	6.522	6.51	6.474	6.54	6.666	6.66	6.606	6.738	6.834	6.726	6.738	6.828	6.894	6.87	6.942	6.978	7.08	6.99	7.098	6.924	7.014	7.044	7.14	7.176	7.122	7.122	7.038	7.302	7.356	7.374	7.29	7.422	7.284	7.344	7.428	7.284	7.494	7.422	7.488	7.482	7.398	7.542	7.566	7.596	7.512	7.668	7.614	7.626	7.344	7.506	7.542	7.59	7.524	7.518	7.554	7.59	7.482	7.572	7.608	7.5	7.536	7.512	7.476	7.476	7.41	7.614	7.338	7.386	7.488	7.344	7.56	7.416	7.452	7.464	7.404	7.266	7.152
5.382	5.406	5.382	5.364	5.532	5.526	5.526	5.622	5.682	5.658	5.598	5.76	5.742	5.712	5.892	5.79	5.874	5.94	5.94	6.09	6.162	6.036	6.006	6.084	6.036	6.198	6.234	6.144	6.132	6.168	6.108	6.258	6.252	6.312	6.324	6.306	6.336	6.312	6.348	6.468	6.384	6.426	6.51	6.618	6.576	6.48	6.426	6.468	6.438	6.432	6.474	6.372	6.57	6.594	6.558	6.498	6.522	6.558	6.558	6.504	6.54	6.642	6.522	6.45	6.54	6.474	6.444	6.576	6.546	6.522	6.282	6.36	6.474	6.504	6.474	6.504	6.336	6.426	6.558	6.468	6.306
4.524	4.452	4.476	4.506	4.662	4.482	4.608	4.674	4.578	4.524	4.68	4.77	4.746	4.83	4.938	4.956	4.98	4.926	4.968	5.07	5.154	5.118	4.974	5.022	5.07	5.154	5.046	5.118	5.148	5.274	5.112	5.202	5.25	5.274	5.418	5.538	5.358	5.418	5.46	5.544	5.412	5.55	5.568	5.586	5.472	5.676	5.502	5.622	5.508	5.448	5.52	5.562	5.478	5.52	5.478	5.55	5.628	5.544	5.502	5.61	5.532	5.598	5.484	5.514	5.616	5.55	5.43	5.424	5.46	5.448	5.448	5.292	5.394	5.496	5.496	5.484	5.436	5.394	5.406	5.346	5.442
3.354	3.402	3.456	3.504	3.588	3.678	3.612	3.642	3.594	3.618	3.726	3.672	3.834	3.816	3.93	3.816	3.99	3.948	4.014	4.134	4.05	4.026	4.092	4.056	3.984	4.224	4.194	4.128	4.05	4.248	4.146	4.284	4.344	4.182	4.35	4.098	4.452	4.314	4.398	4.458	4.506	4.44	4.368	4.506	4.578	4.35	4.41	4.464	4.5	4.518	4.374	4.428	4.566	4.554	4.71	4.632	4.536	4.476	4.644	4.518	4.53	4.518	4.59	4.518	4.59	4.602	4.602	4.482	4.374	4.458	4.362	4.362	4.29	4.506	4.512	4.446	4.476	4.584	4.392	4.446	4.464
